[{
  "_id": {
    "$oid": "660940a6319b1b15e7346ab3"
  },
  "subscribers": [],
  "posts": [],
  "projectName": "SPDB",
  "technology": "AngularJS",
  "description": "Database for student projects",
  "imageUrl": "https://logowik.com/content/uploads/images/student5651.jpg",
  "videoUrl": "",
  "gitHubRepo": "https://github.com/theTrackSuitDev/SPDB-angular",
  "userId": {
    "$oid": "66057f502de0233d0b137c85"
  },
  "created_at": {
    "$date": "2024-03-31T10:53:26.159Z"
  },
  "updatedAt": {
    "$date": "2024-04-03T00:03:08.437Z"
  },
  "__v": 0
},
{
  "_id": {
    "$oid": "660956cd3a6f292663ab3e6f"
  },
  "subscribers": [],
  "posts": [],
  "projectName": "To Do List",
  "technology": "AngularJS",
  "description": "Simple to do list with HTML only!",
  "imageUrl": "https://raw.githubusercontent.com/codedex-io/projects/main/projects/create-a-to-do-list-app-with-html-css-js/todo-list-complete-uncomplete.png",
  "videoUrl": "",
  "gitHubRepo": "",
  "userId": {
    "$oid": "6609525c319b1b15e7346b3d"
  },
  "created_at": {
    "$date": "2024-03-31T12:27:57.103Z"
  },
  "updatedAt": {
    "$date": "2024-03-31T12:27:57.103Z"
  },
  "__v": 0
},
{
  "_id": {
    "$oid": "66095b0c3a6f292663ab3ec1"
  },
  "subscribers": [],
  "posts": [],
  "projectName": "Pet Album",
  "technology": "ReactJS",
  "description": "Simple app to store pet photos.",
  "imageUrl": "https://www.blurb.com/blog/wp-content/uploads/2019/12/20191125_DecBlog_1920x1080_v1-PetAlbum.jpg",
  "videoUrl": "",
  "gitHubRepo": "",
  "userId": {
    "$oid": "66095a703a6f292663ab3ebb"
  },
  "created_at": {
    "$date": "2024-03-31T12:46:04.719Z"
  },
  "updatedAt": {
    "$date": "2024-03-31T12:46:04.719Z"
  },
  "__v": 0
},
{
  "_id": {
    "$oid": "6609f134f442342efe9d84df"
  },
  "subscribers": [],
  "posts": [],
  "projectName": "RecipeBook",
  "technology": "VueJS",
  "description": "Interactive recipe book built with Vue. Vue rules!",
  "imageUrl": "https://www.wellplated.com/wp-content/uploads/2019/12/Readers-Top-Recipes-2018-1.png",
  "videoUrl": "",
  "gitHubRepo": "",
  "userId": {
    "$oid": "66057f502de0233d0b137c85"
  },
  "created_at": {
    "$date": "2024-03-31T23:26:44.387Z"
  },
  "updatedAt": {
    "$date": "2024-03-31T23:26:44.387Z"
  },
  "__v": 0
},
{
  "_id": {
    "$oid": "660aee2f56cd111d91694a45"
  },
  "subscribers": [],
  "posts": [],
  "projectName": "Book Shelf",
  "technology": "ReactJS",
  "description": "Keep track of your favourites books!",
  "imageUrl": "https://d17lvj5xn8sco6.cloudfront.net/86/C9/B2/3A/84/D3/81/A4/4C/AD/24/16/32/FC/1F/A6/002383CD/cover400.jpg",
  "videoUrl": "",
  "gitHubRepo": "",
  "userId": {
    "$oid": "6609525c319b1b15e7346b3d"
  },
  "created_at": {
    "$date": "2024-04-01T17:26:07.994Z"
  },
  "updatedAt": {
    "$date": "2024-04-01T17:26:07.994Z"
  },
  "__v": 0
},
{
  "_id": {
    "$oid": "660af47256cd111d91694a95"
  },
  "subscribers": [],
  "posts": [],
  "projectName": "Fitness Records",
  "technology": "AngularJS",
  "description": "Track your weights. Lift more!",
  "imageUrl": "https://res.cloudinary.com/dvjfemxbz/image/upload/fl_sanitize,c_scale,f_auto,q_80,w_2000/Workout_editor_EN_vplakz.svg",
  "videoUrl": "",
  "gitHubRepo": "",
  "userId": {
    "$oid": "66057f502de0233d0b137c85"
  },
  "created_at": {
    "$date": "2024-04-01T17:52:50.202Z"
  },
  "updatedAt": {
    "$date": "2024-04-01T17:52:50.202Z"
  },
  "__v": 0
},
{
  "_id": {
    "$oid": "660ca735f4829d79186a4327"
  },
  "subscribers": [],
  "posts": [],
  "projectName": "Test",
  "technology": "Other",
  "description": "Test Project",
  "imageUrl": "https://softuni.bg/Content/images/home-page/creative-initiative.png",
  "videoUrl": "https://www.youtube.com/watch?v=AxE4TltnvjI",
  "gitHubRepo": "https://github.com/theTrackSuitDev/SPDB-angular",
  "userId": {
    "$oid": "66057f502de0233d0b137c85"
  },
  "created_at": {
    "$date": "2024-04-03T00:47:49.195Z"
  },
  "updatedAt": {
    "$date": "2024-04-03T00:47:49.195Z"
  },
  "__v": 0
}]