[{
  "_id": {
    "$oid": "66057f502de0233d0b137c85"
  },
  "themes": [],
  "posts": [],
  "email": "miro@abv.bg",
  "username": "Miro",
  "password": "$2b$05$bMVKRGiuHtgXvKkWOzG5V..BQfHk4QZ0exEFhLxVkJebppvU2mwne",
  "created_at": {
    "$date": "2024-03-28T14:31:44.135Z"
  },
  "updatedAt": {
    "$date": "2024-04-03T00:46:34.481Z"
  },
  "__v": 0
},
{
  "_id": {
    "$oid": "6609525c319b1b15e7346b3d"
  },
  "themes": [],
  "posts": [],
  "email": "pesho@abv.bg",
  "username": "Pesho",
  "password": "$2b$05$l0oXVGL/ETi7Kk8njIPwf.N87RgfsCX8j6.HIYr7FOm1qFH9I4e6i",
  "created_at": {
    "$date": "2024-03-31T12:09:00.560Z"
  },
  "updatedAt": {
    "$date": "2024-03-31T12:09:00.560Z"
  },
  "__v": 0
},
{
  "_id": {
    "$oid": "66095a703a6f292663ab3ebb"
  },
  "themes": [],
  "posts": [],
  "email": "gosho@abv.bg",
  "username": "Gosho",
  "password": "$2b$05$tvgGLuHyfQhxgBkK6Wgr9em2uExOeyRO8pF29UYUHrPg.purhbA3a",
  "created_at": {
    "$date": "2024-03-31T12:43:28.217Z"
  },
  "updatedAt": {
    "$date": "2024-03-31T12:43:28.217Z"
  },
  "__v": 0
}]